locus	alleles	chi_squared	n	ld_score	phenotype	chi_squared_50_irnt	n_50_irnt	chi_squared_20160	n_20160
22:17300320	["A","G"]	1.8007e-01	360388	7.8129e+00	50_irnt	1.8007e-01	360388	5.1626e-01	359751
22:17660556	["T","C"]	3.0419e+00	360388	1.0589e+01	50_irnt	3.0419e+00	360388	1.5821e-01	359751
22:17792740	["G","A"]	4.7139e-01	360388	2.9625e+00	50_irnt	4.7139e-01	360388	1.9538e+00	359751
22:17965843	["G","A"]	1.6791e+00	360388	6.9935e+00	50_irnt	1.6791e+00	360388	2.2976e+00	359751
22:18597209	["C","T"]	8.4623e-02	360388	8.6037e+00	50_irnt	8.4623e-02	360388	1.8395e+00	359751
22:18633446	["G","A"]	1.7612e+00	360388	4.1959e+00	50_irnt	1.7612e+00	360388	4.6784e-01	359751
22:19262852	["T","C"]	8.5527e+00	360388	3.1158e+01	50_irnt	8.5527e+00	360388	4.8520e-01	359751
22:19265799	["C","T"]	8.4268e+00	360388	3.0574e+01	50_irnt	8.4268e+00	360388	4.5039e-01	359751
22:19585224	["G","A"]	6.8991e-01	360388	1.3435e+01	50_irnt	6.8991e-01	360388	2.8507e+00	359751
22:19609943	["A","G"]	1.2096e+01	360388	4.4532e+00	50_irnt	1.2096e+01	360388	3.7203e-01	359751
22:19643555	["A","G"]	1.0645e-01	360388	4.6570e+00	50_irnt	1.0645e-01	360388	5.0390e-01	359751
22:20220764	["T","C"]	1.2880e+00	360388	4.9230e+00	50_irnt	1.2880e+00	360388	2.0944e+00	359751
22:20306993	["C","T"]	5.5443e-01	360388	6.6134e+00	50_irnt	5.5443e-01	360388	2.9074e+00	359751
22:20936334	["C","T"]	6.0707e-01	360388	2.6611e+00	50_irnt	6.0707e-01	360388	8.9097e-01	359751
22:21302925	["C","T"]	3.6634e-02	360388	5.4966e+01	50_irnt	3.6634e-02	360388	2.1380e-03	359751
22:21421425	["A","C"]	5.8869e+00	360388	7.9737e+00	50_irnt	5.8869e+00	360388	7.1583e-02	359751
22:22039863	["A","C"]	4.2609e+00	360388	1.3723e+01	50_irnt	4.2609e+00	360388	5.3805e-01	359751
22:22421873	["G","A"]	1.3456e+00	360388	8.3891e+00	50_irnt	1.3456e+00	360388	9.0144e-03	359751
22:22428873	["A","G"]	1.2737e-02	360388	1.3437e+01	50_irnt	1.2737e-02	360388	2.9268e-01	359751
22:22533348	["C","A"]	8.6307e-02	360388	2.7819e+01	50_irnt	8.6307e-02	360388	5.3792e-04	359751
22:22560977	["C","T"]	3.5258e-02	360388	1.9217e+00	50_irnt	3.5258e-02	360388	2.5821e+00	359751
22:23261330	["G","A"]	3.8949e-01	360388	9.6684e+00	50_irnt	3.8949e-01	360388	3.8894e-01	359751
22:23616433	["C","T"]	4.9937e-01	360388	1.1580e+01	50_irnt	4.9937e-01	360388	2.0805e+00	359751
22:23631639	["T","C"]	1.2277e+00	360388	3.0838e+01	50_irnt	1.2277e+00	360388	6.9164e-02	359751
22:23826675	["C","T"]	9.1974e-01	360388	8.1657e+00	50_irnt	9.1974e-01	360388	3.9172e-02	359751
22:23849044	["A","C"]	2.1235e-03	360388	8.4701e+00	50_irnt	2.1235e-03	360388	9.3098e+00	359751
22:24451035	["G","A"]	1.0203e+00	360388	3.8230e+01	50_irnt	1.0203e+00	360388	1.7459e-01	359751
22:24514352	["C","T"]	1.2246e+00	360388	2.6206e+01	50_irnt	1.2246e+00	360388	8.7520e-01	359751
22:24610158	["A","G"]	1.9684e+00	360388	4.0465e+01	50_irnt	1.9684e+00	360388	2.0395e-01	359751
22:24669465	["G","A"]	3.1705e+00	360388	4.0231e+01	50_irnt	3.1705e+00	360388	3.8013e+00	359751
22:25169549	["C","T"]	3.1096e+00	360388	1.7825e+01	50_irnt	3.1096e+00	360388	2.9447e-02	359751
22:25252387	["T","C"]	3.6952e-03	360388	8.3000e+00	50_irnt	3.6952e-03	360388	7.1404e-01	359751
22:25555948	["G","A"]	5.5360e-01	360388	2.0887e+01	50_irnt	5.5360e-01	360388	3.0728e-01	359751
22:25570273	["G","A"]	4.1951e+00	360388	7.5462e+00	50_irnt	4.1951e+00	360388	2.0285e-01	359751
22:26692456	["T","C"]	1.5718e+00	360388	2.3747e+01	50_irnt	1.5718e+00	360388	2.4224e-02	359751
22:27219371	["A","C"]	7.1468e-01	360388	4.7131e+00	50_irnt	7.1468e-01	360388	7.0950e-03	359751
22:27337886	["G","A"]	4.3293e+00	360388	1.3668e+01	50_irnt	4.3293e+00	360388	1.0927e-02	359751
22:27377796	["C","T"]	2.4386e+00	360388	1.1432e+01	50_irnt	2.4386e+00	360388	2.4093e-01	359751
22:27394733	["C","T"]	1.8214e+00	360388	6.1672e+00	50_irnt	1.8214e+00	360388	6.2740e-02	359751
22:27937982	["G","A"]	6.2006e-02	360388	2.7318e+00	50_irnt	6.2006e-02	360388	1.0229e+00	359751
22:27963416	["G","A"]	3.3457e-01	360388	5.6616e+00	50_irnt	3.3457e-01	360388	1.3363e-01	359751
22:28541075	["T","G"]	5.9673e-02	360388	1.8839e+01	50_irnt	5.9673e-02	360388	5.7879e-01	359751
22:29088590	["C","T"]	8.8304e+00	360388	4.1222e+01	50_irnt	8.8304e+00	360388	8.4367e+00	359751
22:29132338	["C","T"]	2.8521e-01	360388	2.1072e+01	50_irnt	2.8521e-01	360388	6.4838e-01	359751
22:29182500	["C","A"]	1.5473e+00	360388	6.1125e+01	50_irnt	1.5473e+00	360388	5.5809e+00	359751
22:29318299	["A","G"]	5.5327e+01	360388	2.5426e+01	50_irnt	5.5327e+01	360388	1.5947e-02	359751
22:29568785	["A","G"]	3.3693e-01	360388	1.6107e+01	50_irnt	3.3693e-01	360388	1.8017e-01	359751
22:29692497	["G","T"]	5.4424e+00	360388	1.6780e+01	50_irnt	5.4424e+00	360388	4.7765e-01	359751
22:30273164	["T","C"]	1.8956e+01	360388	3.0587e+01	50_irnt	1.8956e+01	360388	1.2326e-01	359751
22:30412465	["T","C"]	3.5363e+01	360388	6.4295e+01	50_irnt	3.5363e+01	360388	1.7346e-01	359751
22:30771458	["T","C"]	2.2777e+00	360388	5.1521e+01	50_irnt	2.2777e+00	360388	5.3973e+00	359751
22:30819758	["G","A"]	4.7718e-01	360388	2.3125e+01	50_irnt	4.7718e-01	360388	6.1519e-02	359751
22:30980922	["G","T"]	1.1106e-01	360388	4.0609e+00	50_irnt	1.1106e-01	360388	5.3889e-02	359751
22:31043484	["A","G"]	4.1018e-02	360388	6.7384e+00	50_irnt	4.1018e-02	360388	8.7971e-01	359751
22:31428853	["C","T"]	1.0316e+00	360388	2.1183e+01	50_irnt	1.0316e+00	360388	1.5418e-01	359751
22:32321589	["G","A"]	9.8019e-06	360388	1.0197e+01	50_irnt	9.8019e-06	360388	6.4262e-02	359751
22:32752707	["G","T"]	2.2659e-02	360388	1.7076e+01	50_irnt	2.2659e-02	360388	7.4629e-03	359751
22:32803591	["T","C"]	1.3509e+00	360388	1.4216e+01	50_irnt	1.3509e+00	360388	4.1824e+00	359751
22:32881581	["C","T"]	4.7645e-01	360388	1.7007e+01	50_irnt	4.7645e-01	360388	4.2776e-01	359751
22:33924483	["G","A"]	9.8671e-02	360388	2.1441e+01	50_irnt	9.8671e-02	360388	5.6830e+00	359751
22:34084086	["T","C"]	2.8365e-01	360388	8.3890e+00	50_irnt	2.8365e-01	360388	1.2359e-01	359751
22:34247794	["G","A"]	1.6389e+00	360388	2.5636e+01	50_irnt	1.6389e+00	360388	2.7248e+00	359751
22:34252374	["C","T"]	9.6354e-01	360388	1.7882e+01	50_irnt	9.6354e-01	360388	2.7146e+00	359751
22:34289857	["A","G"]	1.6387e-02	360388	1.4126e+01	50_irnt	1.6387e-02	360388	3.4846e+00	359751
22:34398185	["G","T"]	6.4835e-01	360388	4.5195e+00	50_irnt	6.4835e-01	360388	3.0190e-01	359751
22:34759241	["G","A"]	4.5822e-01	360388	2.4716e+01	50_irnt	4.5822e-01	360388	7.1894e-02	359751
22:34766077	["G","T"]	4.1001e-01	360388	2.4716e+01	50_irnt	4.1001e-01	360388	6.2991e-02	359751
22:35209136	["C","T"]	2.1127e-03	360388	3.3585e+01	50_irnt	2.1127e-03	360388	7.2437e-01	359751
22:35297371	["T","C"]	1.4157e-01	360388	2.9756e+01	50_irnt	1.4157e-01	360388	4.7145e+00	359751
22:35694893	["C","A"]	2.7758e+01	360388	4.9278e+01	50_irnt	2.7758e+01	360388	4.7228e-04	359751
22:36116080	["C","T"]	3.1515e-03	360388	9.1623e+00	50_irnt	3.1515e-03	360388	8.7729e-02	359751
22:36575664	["G","A"]	1.2060e+00	360388	1.4910e+01	50_irnt	1.2060e+00	360388	1.8384e-01	359751
22:36704834	["C","A"]	3.0199e+00	360388	3.9592e+00	50_irnt	3.0199e+00	360388	1.2416e-01	359751
22:36900271	["T","C"]	3.1304e-01	360388	1.3442e+01	50_irnt	3.1304e-01	360388	2.6165e-01	359751
22:37110759	["G","A"]	4.9805e-02	360388	1.3199e+01	50_irnt	4.9805e-02	360388	1.6623e+00	359751
22:37355277	["G","A"]	5.6492e-01	360388	3.5035e+00	50_irnt	5.6492e-01	360388	3.2159e+00	359751
22:37359961	["C","T"]	7.1674e-02	360388	4.2318e+00	50_irnt	7.1674e-02	360388	1.1470e-01	359751
22:37372944	["A","G"]	6.7112e-04	360388	6.8252e+00	50_irnt	6.7112e-04	360388	2.5065e+00	359751
22:37900762	["G","A"]	6.1594e-01	360388	1.4728e+01	50_irnt	6.1594e-01	360388	9.9106e-01	359751
22:37959214	["T","C"]	9.3416e-01	360388	7.2276e+00	50_irnt	9.3416e-01	360388	2.8737e-02	359751
22:38054262	["A","C"]	6.4593e-01	360388	2.8371e+01	50_irnt	6.4593e-01	360388	1.0161e-02	359751
22:38307909	["T","C"]	1.3179e+01	360388	5.7494e+01	50_irnt	1.3179e+01	360388	9.9351e+00	359751
22:38468632	["G","A"]	1.2966e-03	360388	5.0264e+00	50_irnt	1.2966e-03	360388	1.8431e+00	359751
22:38517405	["T","C"]	3.1832e+01	360388	3.0089e+01	50_irnt	3.1832e+01	360388	4.5195e+00	359751
22:38565838	["T","C"]	5.7725e+00	360388	8.8633e+00	50_irnt	5.7725e+00	360388	2.1647e+00	359751
22:39032348	["C","T"]	2.7909e-01	360388	2.0995e+01	50_irnt	2.7909e-01	360388	1.3389e+00	359751
22:39132748	["G","A"]	2.2843e+00	360388	5.7297e+01	50_irnt	2.2843e+00	360388	1.8657e+00	359751
22:39429209	["A","G"]	8.0599e+00	360388	1.7245e+01	50_irnt	8.0599e+00	360388	2.0630e-02	359751
22:39897163	["G","A"]	8.6289e+00	360388	2.5238e+01	50_irnt	8.6289e+00	360388	9.6852e-02	359751
22:40021614	["T","G"]	3.2023e+00	360388	1.1543e+01	50_irnt	3.2023e+00	360388	1.1007e-01	359751
22:40026141	["C","A"]	1.2635e+01	360388	2.6871e+01	50_irnt	1.2635e+01	360388	4.0564e-01	359751
22:40336821	["G","A"]	2.5879e+00	360388	1.6523e+01	50_irnt	2.5879e+00	360388	1.2325e+00	359751
22:40950781	["A","G"]	1.1713e+01	360388	4.4406e+01	50_irnt	1.1713e+01	360388	2.9805e-02	359751
22:41215672	["T","C"]	1.2277e+01	360388	5.9208e+01	50_irnt	1.2277e+01	360388	3.4537e+00	359751
22:41919330	["A","G"]	4.8589e+00	360388	1.0705e+02	50_irnt	4.8589e+00	360388	4.4113e-02	359751
22:42225018	["T","G"]	5.5084e+00	360388	4.3147e+01	50_irnt	5.5084e+00	360388	5.6897e+00	359751
22:42282012	["C","T"]	3.5431e+00	360388	2.3925e+01	50_irnt	3.5431e+00	360388	2.7113e+00	359751
22:42391176	["T","C"]	2.8113e+00	360388	4.9172e+01	50_irnt	2.8113e+00	360388	2.7218e+00	359751
22:43061494	["C","T"]	8.0946e+00	360388	2.2990e+01	50_irnt	8.0946e+00	360388	7.1321e-02	359751
22:43084104	["C","T"]	3.2942e+00	360388	1.8063e+01	50_irnt	3.2942e+00	360388	3.6289e-01	359751
22:43093143	["T","C"]	1.3579e+00	360388	9.3023e+00	50_irnt	1.3579e+00	360388	8.6603e-01	359751
22:43103684	["C","A"]	2.2023e+00	360388	1.4827e+01	50_irnt	2.2023e+00	360388	5.6250e-02	359751
22:43518822	["A","G"]	6.2705e+00	360388	1.0157e+01	50_irnt	6.2705e+00	360388	2.4202e+00	359751
22:43831056	["C","T"]	1.1764e+00	360388	2.4715e+01	50_irnt	1.1764e+00	360388	2.9905e+00	359751
22:44114861	["A","G"]	2.5135e-01	360388	4.2365e+01	50_irnt	2.5135e-01	360388	7.6161e-01	359751
22:44548944	["A","G"]	9.5529e-01	360388	8.6079e+00	50_irnt	9.5529e-01	360388	7.0204e-01	359751
22:44558718	["G","A"]	8.4710e+00	360388	1.3264e+01	50_irnt	8.4710e+00	360388	6.8922e-01	359751
22:44599531	["G","A"]	4.3158e-01	360388	1.5708e+01	50_irnt	4.3158e-01	360388	1.6932e-01	359751
22:44830242	["G","T"]	1.1213e+00	360388	1.0939e+01	50_irnt	1.1213e+00	360388	4.1100e-01	359751
22:44939242	["C","T"]	4.3418e+00	360388	6.0082e+00	50_irnt	4.3418e+00	360388	3.4166e+00	359751
22:45133535	["G","T"]	6.0159e-01	360388	2.1430e+00	50_irnt	6.0159e-01	360388	2.0438e+00	359751
22:45396440	["A","G"]	6.9461e-01	360388	1.2107e+01	50_irnt	6.9461e-01	360388	1.6249e+00	359751
22:45497905	["T","C"]	1.1025e+00	360388	7.3915e+00	50_irnt	1.1025e+00	360388	4.5993e+00	359751
22:46497890	["C","A"]	8.1431e-01	360388	1.3011e+01	50_irnt	8.1431e-01	360388	3.6283e+00	359751
22:46646988	["A","G"]	8.8488e+00	360388	1.3549e+01	50_irnt	8.8488e+00	360388	3.9073e+00	359751
22:46665670	["C","T"]	1.2013e+01	360388	1.7661e+01	50_irnt	1.2013e+01	360388	2.2467e+00	359751
22:46831965	["T","G"]	2.7553e+00	360388	6.2970e+00	50_irnt	2.7553e+00	360388	1.6165e+00	359751
22:46877389	["G","A"]	9.3728e-02	360388	6.3971e+00	50_irnt	9.3728e-02	360388	8.2208e-02	359751
22:46976557	["G","A"]	1.2850e+00	360388	1.0415e+01	50_irnt	1.2850e+00	360388	7.8910e-02	359751
22:47373978	["G","A"]	2.5626e+00	360388	2.3198e+00	50_irnt	2.5626e+00	360388	1.0874e+00	359751
22:47792613	["T","C"]	5.1031e+00	360388	8.3189e+00	50_irnt	5.1031e+00	360388	2.2043e+00	359751
22:47839090	["C","T"]	1.5023e+00	360388	9.4252e+00	50_irnt	1.5023e+00	360388	6.6657e+00	359751
22:47948517	["G","A"]	2.9244e+00	360388	1.5362e+01	50_irnt	2.9244e+00	360388	4.2279e-01	359751
22:48011102	["A","C"]	5.4266e+00	360388	2.2330e+01	50_irnt	5.4266e+00	360388	8.7977e-02	359751
22:48032445	["G","A"]	2.1269e+00	360388	2.5581e+01	50_irnt	2.1269e+00	360388	2.5062e+00	359751
22:48044660	["G","A"]	7.0384e-01	360388	2.8249e+01	50_irnt	7.0384e-01	360388	7.0030e-01	359751
22:48060770	["T","C"]	1.6983e+00	360388	2.8408e+01	50_irnt	1.6983e+00	360388	1.6595e+00	359751
22:48085862	["A","G"]	1.2524e+00	360388	3.0210e+01	50_irnt	1.2524e+00	360388	1.0887e+00	359751
22:48213482	["C","T"]	7.1081e+00	360388	8.6866e+00	50_irnt	7.1081e+00	360388	3.2681e+00	359751
22:48227401	["G","A"]	2.5760e+00	360388	8.0040e+00	50_irnt	2.5760e+00	360388	2.9961e-01	359751
22:48240580	["G","A"]	1.6597e+00	360388	1.7505e+01	50_irnt	1.6597e+00	360388	2.0825e+00	359751
22:48406571	["C","T"]	5.2209e-01	360388	1.4547e+01	50_irnt	5.2209e-01	360388	3.7850e+00	359751
22:48409068	["T","C"]	2.1534e-01	360388	1.2428e+01	50_irnt	2.1534e-01	360388	1.5523e+00	359751
22:48492713	["C","T"]	3.0348e-01	360388	1.0570e+01	50_irnt	3.0348e-01	360388	7.4857e+00	359751
22:48752397	["T","C"]	1.4970e-01	360388	9.1398e+00	50_irnt	1.4970e-01	360388	1.9818e-03	359751
22:48888351	["A","G"]	4.9756e-02	360388	8.2748e+00	50_irnt	4.9756e-02	360388	7.3267e-01	359751
22:48957346	["C","T"]	3.0379e-01	360388	9.0794e+00	50_irnt	3.0379e-01	360388	8.3359e-01	359751
22:48966343	["A","G"]	1.3428e+00	360388	9.8472e+00	50_irnt	1.3428e+00	360388	9.5787e-01	359751
22:49097460	["T","C"]	1.2623e+00	360388	9.7840e+00	50_irnt	1.2623e+00	360388	6.4624e-05	359751
22:49104048	["A","G"]	1.9465e-03	360388	1.8936e+01	50_irnt	1.9465e-03	360388	3.9376e-03	359751
22:49542106	["T","C"]	5.0257e-02	360388	8.8034e+00	50_irnt	5.0257e-02	360388	1.9349e+00	359751
22:49570455	["T","G"]	2.1995e-01	360388	1.0759e+01	50_irnt	2.1995e-01	360388	9.5379e-01	359751
22:49670134	["A","G"]	8.6019e-02	360388	4.8867e+00	50_irnt	8.6019e-02	360388	4.8468e-01	359751
22:50062427	["G","A"]	1.2411e-01	360388	2.1720e+01	50_irnt	1.2411e-01	360388	4.9200e-01	359751
22:50072755	["C","T"]	6.6838e-04	360388	2.0904e+01	50_irnt	6.6838e-04	360388	1.4404e-01	359751
22:50181960	["C","A"]	1.6977e+01	360388	3.9041e+01	50_irnt	1.6977e+01	360388	6.0030e+00	359751
22:50303530	["T","C"]	1.0733e+01	360388	4.1410e+01	50_irnt	1.0733e+01	360388	5.7097e+00	359751
22:50925771	["G","A"]	4.7064e-03	360388	7.2465e+00	50_irnt	4.7064e-03	360388	5.6725e+00	359751
22:51040430	["C","T"]	8.5101e-02	360388	5.1618e+00	50_irnt	8.5101e-02	360388	1.4903e-01	359751
22:51101938	["A","C"]	8.2383e-01	360388	7.1581e+00	50_irnt	8.2383e-01	360388	1.8796e-02	359751
NA	["C","T"]	2.9701e+00	360388	NA	50_irnt	2.9701e+00	360388	NA	NA
