locus	alleles	ld_score	20160	50_irnt
22:17300320	A,G	7.8129e+00	5.16257e-01,359751	1.80073e-01,360388
22:17660556	T,C	1.0589e+01	1.58213e-01,359751	3.04188e+00,360388
22:17792740	G,A	2.9625e+00	1.95384e+00,359751	4.71392e-01,360388
22:17965843	G,A	6.9935e+00	2.29765e+00,359751	1.67910e+00,360388
22:18597209	C,T	8.6037e+00	1.83955e+00,359751	8.46228e-02,360388
22:18633446	G,A	4.1959e+00	4.67842e-01,359751	1.76119e+00,360388
22:19262852	T,C	3.1158e+01	4.85196e-01,359751	8.55270e+00,360388
22:19265799	C,T	3.0574e+01	4.50389e-01,359751	8.42683e+00,360388
22:19585224	G,A	1.3435e+01	2.85069e+00,359751	6.89913e-01,360388
22:19609943	A,G	4.4532e+00	3.72027e-01,359751	1.20965e+01,360388
22:19643555	A,G	4.6570e+00	5.03901e-01,359751	1.06446e-01,360388
22:20220764	T,C	4.9230e+00	2.09439e+00,359751	1.28800e+00,360388
22:20306993	C,T	6.6134e+00	2.90737e+00,359751	5.54429e-01,360388
22:20936334	C,T	2.6611e+00	8.90966e-01,359751	6.07075e-01,360388
22:21302925	C,T	5.4966e+01	2.13795e-03,359751	3.66340e-02,360388
22:21421425	A,C	7.9737e+00	7.15830e-02,359751	5.88693e+00,360388
22:22039863	A,C	1.3723e+01	5.38052e-01,359751	4.26092e+00,360388
22:22421873	G,A	8.3891e+00	9.01436e-03,359751	1.34560e+00,360388
22:22428873	A,G	1.3437e+01	2.92681e-01,359751	1.27374e-02,360388
22:22533348	C,A	2.7819e+01	5.37915e-04,359751	8.63067e-02,360388
22:22560977	C,T	1.9217e+00	2.58213e+00,359751	3.52576e-02,360388
22:23261330	G,A	9.6684e+00	3.88939e-01,359751	3.89488e-01,360388
22:23616433	C,T	1.1580e+01	2.08052e+00,359751	4.99368e-01,360388
22:23631639	T,C	3.0838e+01	6.91637e-02,359751	1.22766e+00,360388
22:23826675	C,T	8.1657e+00	3.91723e-02,359751	9.19739e-01,360388
22:23849044	A,C	8.4701e+00	9.30982e+00,359751	2.12346e-03,360388
22:24451035	G,A	3.8230e+01	1.74590e-01,359751	1.02030e+00,360388
22:24514352	C,T	2.6206e+01	8.75198e-01,359751	1.22456e+00,360388
22:24610158	A,G	4.0465e+01	2.03952e-01,359751	1.96841e+00,360388
22:24669465	G,A	4.0231e+01	3.80133e+00,359751	3.17054e+00,360388
22:25169549	C,T	1.7825e+01	2.94466e-02,359751	3.10958e+00,360388
22:25252387	T,C	8.3000e+00	7.14042e-01,359751	3.69518e-03,360388
22:25555948	G,A	2.0887e+01	3.07282e-01,359751	5.53596e-01,360388
22:25570273	G,A	7.5462e+00	2.02851e-01,359751	4.19512e+00,360388
22:26692456	T,C	2.3747e+01	2.42238e-02,359751	1.57176e+00,360388
22:27219371	A,C	4.7131e+00	7.09503e-03,359751	7.14684e-01,360388
22:27337886	G,A	1.3668e+01	1.09265e-02,359751	4.32931e+00,360388
22:27377796	C,T	1.1432e+01	2.40934e-01,359751	2.43859e+00,360388
22:27394733	C,T	6.1672e+00	6.27402e-02,359751	1.82142e+00,360388
22:27937982	G,A	2.7318e+00	1.02293e+00,359751	6.20060e-02,360388
22:27963416	G,A	5.6616e+00	1.33627e-01,359751	3.34570e-01,360388
22:28541075	T,G	1.8839e+01	5.78786e-01,359751	5.96727e-02,360388
22:29088590	C,T	4.1222e+01	8.43670e+00,359751	8.83041e+00,360388
22:29132338	C,T	2.1072e+01	6.48379e-01,359751	2.85209e-01,360388
22:29182500	C,A	6.1125e+01	5.58093e+00,359751	1.54729e+00,360388
22:29318299	A,G	2.5426e+01	1.59466e-02,359751	5.53268e+01,360388
22:29568785	A,G	1.6107e+01	1.80175e-01,359751	3.36934e-01,360388
22:29692497	G,T	1.6780e+01	4.77647e-01,359751	5.44242e+00,360388
22:30273164	T,C	3.0587e+01	1.23264e-01,359751	1.89564e+01,360388
22:30412465	T,C	6.4295e+01	1.73464e-01,359751	3.53632e+01,360388
22:30771458	T,C	5.1521e+01	5.39726e+00,359751	2.27768e+00,360388
22:30819758	G,A	2.3125e+01	6.15189e-02,359751	4.77177e-01,360388
22:30980922	G,T	4.0609e+00	5.38890e-02,359751	1.11062e-01,360388
22:31043484	A,G	6.7384e+00	8.79713e-01,359751	4.10184e-02,360388
22:31428853	C,T	2.1183e+01	1.54182e-01,359751	1.03165e+00,360388
22:32321589	G,A	1.0197e+01	6.42623e-02,359751	9.80191e-06,360388
22:32752707	G,T	1.7076e+01	7.46289e-03,359751	2.26593e-02,360388
22:32803591	T,C	1.4216e+01	4.18243e+00,359751	1.35094e+00,360388
22:32881581	C,T	1.7007e+01	4.27755e-01,359751	4.76445e-01,360388
22:33924483	G,A	2.1441e+01	5.68298e+00,359751	9.86714e-02,360388
22:34084086	T,C	8.3890e+00	1.23587e-01,359751	2.83652e-01,360388
22:34247794	G,A	2.5636e+01	2.72481e+00,359751	1.63891e+00,360388
22:34252374	C,T	1.7882e+01	2.71459e+00,359751	9.63539e-01,360388
22:34289857	A,G	1.4126e+01	3.48457e+00,359751	1.63866e-02,360388
22:34398185	G,T	4.5195e+00	3.01895e-01,359751	6.48347e-01,360388
22:34759241	G,A	2.4716e+01	7.18937e-02,359751	4.58221e-01,360388
22:34766077	G,T	2.4716e+01	6.29910e-02,359751	4.10010e-01,360388
22:35209136	C,T	3.3585e+01	7.24371e-01,359751	2.11269e-03,360388
22:35297371	T,C	2.9756e+01	4.71454e+00,359751	1.41572e-01,360388
22:35694893	C,A	4.9278e+01	4.72280e-04,359751	2.77581e+01,360388
22:36116080	C,T	9.1623e+00	8.77285e-02,359751	3.15148e-03,360388
22:36575664	G,A	1.4910e+01	1.83835e-01,359751	1.20604e+00,360388
22:36704834	C,A	3.9592e+00	1.24165e-01,359751	3.01995e+00,360388
22:36900271	T,C	1.3442e+01	2.61653e-01,359751	3.13040e-01,360388
22:37110759	G,A	1.3199e+01	1.66229e+00,359751	4.98048e-02,360388
22:37355277	G,A	3.5035e+00	3.21592e+00,359751	5.64918e-01,360388
22:37359961	C,T	4.2318e+00	1.14704e-01,359751	7.16740e-02,360388
22:37372944	A,G	6.8252e+00	2.50652e+00,359751	6.71121e-04,360388
22:37900762	G,A	1.4728e+01	9.91060e-01,359751	6.15942e-01,360388
22:37959214	T,C	7.2276e+00	2.87370e-02,359751	9.34161e-01,360388
22:38054262	A,C	2.8371e+01	1.01606e-02,359751	6.45934e-01,360388
22:38307909	T,C	5.7494e+01	9.93510e+00,359751	1.31791e+01,360388
22:38468632	G,A	5.0264e+00	1.84308e+00,359751	1.29665e-03,360388
22:38517405	T,C	3.0089e+01	4.51945e+00,359751	3.18322e+01,360388
22:38565838	T,C	8.8633e+00	2.16472e+00,359751	5.77249e+00,360388
22:39032348	C,T	2.0995e+01	1.33888e+00,359751	2.79090e-01,360388
22:39132748	G,A	5.7297e+01	1.86568e+00,359751	2.28433e+00,360388
22:39429209	A,G	1.7245e+01	2.06296e-02,359751	8.05992e+00,360388
22:39897163	G,A	2.5238e+01	9.68517e-02,359751	8.62891e+00,360388
22:40021614	T,G	1.1543e+01	1.10071e-01,359751	3.20231e+00,360388
22:40026141	C,A	2.6871e+01	4.05642e-01,359751	1.26352e+01,360388
22:40336821	G,A	1.6523e+01	1.23254e+00,359751	2.58792e+00,360388
22:40950781	A,G	4.4406e+01	2.98046e-02,359751	1.17128e+01,360388
22:41215672	T,C	5.9208e+01	3.45365e+00,359751	1.22773e+01,360388
22:41919330	A,G	1.0705e+02	4.41126e-02,359751	4.85894e+00,360388
22:42225018	T,G	4.3147e+01	5.68966e+00,359751	5.50841e+00,360388
22:42282012	C,T	2.3925e+01	2.71129e+00,359751	3.54305e+00,360388
22:42391176	T,C	4.9172e+01	2.72184e+00,359751	2.81132e+00,360388
22:43061494	C,T	2.2990e+01	7.13210e-02,359751	8.09459e+00,360388
22:43084104	C,T	1.8063e+01	3.62886e-01,359751	3.29423e+00,360388
22:43093143	T,C	9.3023e+00	8.66035e-01,359751	1.35792e+00,360388
22:43103684	C,A	1.4827e+01	5.62496e-02,359751	2.20226e+00,360388
22:43518822	A,G	1.0157e+01	2.42020e+00,359751	6.27052e+00,360388
22:43831056	C,T	2.4715e+01	2.99048e+00,359751	1.17636e+00,360388
22:44114861	A,G	4.2365e+01	7.61605e-01,359751	2.51352e-01,360388
22:44548944	A,G	8.6079e+00	7.02043e-01,359751	9.55291e-01,360388
22:44558718	G,A	1.3264e+01	6.89215e-01,359751	8.47101e+00,360388
22:44599531	G,A	1.5708e+01	1.69324e-01,359751	4.31583e-01,360388
22:44830242	G,T	1.0939e+01	4.10996e-01,359751	1.12127e+00,360388
22:44939242	C,T	6.0082e+00	3.41658e+00,359751	4.34181e+00,360388
22:45133535	G,T	2.1430e+00	2.04376e+00,359751	6.01586e-01,360388
22:45396440	A,G	1.2107e+01	1.62486e+00,359751	6.94606e-01,360388
22:45497905	T,C	7.3915e+00	4.59931e+00,359751	1.10250e+00,360388
22:46497890	C,A	1.3011e+01	3.62826e+00,359751	8.14308e-01,360388
22:46646988	A,G	1.3549e+01	3.90734e+00,359751	8.84884e+00,360388
22:46665670	C,T	1.7661e+01	2.24670e+00,359751	1.20132e+01,360388
22:46831965	T,G	6.2970e+00	1.61646e+00,359751	2.75527e+00,360388
22:46877389	G,A	6.3971e+00	8.22084e-02,359751	9.37278e-02,360388
22:46976557	G,A	1.0415e+01	7.89104e-02,359751	1.28505e+00,360388
22:47373978	G,A	2.3198e+00	1.08743e+00,359751	2.56256e+00,360388
22:47792613	T,C	8.3189e+00	2.20433e+00,359751	5.10308e+00,360388
22:47839090	C,T	9.4252e+00	6.66569e+00,359751	1.50234e+00,360388
22:47948517	G,A	1.5362e+01	4.22786e-01,359751	2.92444e+00,360388
22:48011102	A,C	2.2330e+01	8.79775e-02,359751	5.42657e+00,360388
22:48032445	G,A	2.5581e+01	2.50621e+00,359751	2.12693e+00,360388
22:48044660	G,A	2.8249e+01	7.00301e-01,359751	7.03837e-01,360388
22:48060770	T,C	2.8408e+01	1.65946e+00,359751	1.69833e+00,360388
22:48085862	A,G	3.0210e+01	1.08868e+00,359751	1.25238e+00,360388
22:48213482	C,T	8.6866e+00	3.26814e+00,359751	7.10809e+00,360388
22:48227401	G,A	8.0040e+00	2.99614e-01,359751	2.57603e+00,360388
22:48240580	G,A	1.7505e+01	2.08254e+00,359751	1.65972e+00,360388
22:48406571	C,T	1.4547e+01	3.78497e+00,359751	5.22093e-01,360388
22:48409068	T,C	1.2428e+01	1.55227e+00,359751	2.15342e-01,360388
22:48492713	C,T	1.0570e+01	7.48570e+00,359751	3.03480e-01,360388
22:48752397	T,C	9.1398e+00	1.98176e-03,359751	1.49699e-01,360388
22:48888351	A,G	8.2748e+00	7.32668e-01,359751	4.97558e-02,360388
22:48957346	C,T	9.0794e+00	8.33587e-01,359751	3.03788e-01,360388
22:48966343	A,G	9.8472e+00	9.57873e-01,359751	1.34282e+00,360388
22:49097460	T,C	9.7840e+00	6.46239e-05,359751	1.26225e+00,360388
22:49104048	A,G	1.8936e+01	3.93756e-03,359751	1.94649e-03,360388
22:49542106	T,C	8.8034e+00	1.93488e+00,359751	5.02567e-02,360388
22:49570455	T,G	1.0759e+01	9.53787e-01,359751	2.19952e-01,360388
22:49670134	A,G	4.8867e+00	4.84681e-01,359751	8.60190e-02,360388
22:50062427	G,A	2.1720e+01	4.92004e-01,359751	1.24108e-01,360388
22:50072755	C,T	2.0904e+01	1.44035e-01,359751	6.68378e-04,360388
22:50181960	C,A	3.9041e+01	6.00299e+00,359751	1.69769e+01,360388
22:50303530	T,C	4.1410e+01	5.70971e+00,359751	1.07335e+01,360388
22:50925771	G,A	7.2465e+00	5.67249e+00,359751	4.70637e-03,360388
22:51040430	C,T	5.1618e+00	1.49035e-01,359751	8.51006e-02,360388
22:51101938	A,C	7.1581e+00	1.87964e-02,359751	8.23829e-01,360388
NA	C,T	NA	3.23954e-01,359751	2.97011e+00,360388
