SNP	A1	A2	N	Z
rs1002189	C	T	359751	2.3232
rs1016454	C	T	359751	0.044517
rs10483222	G	A	359751	0.83788
rs1061664	A	G	359751	0.24803000000000003
rs11089893	T	C	359751	1.1571
rs11090228	C	T	359751	0.26299
rs11090889	A	G	359751	0.28091
rs1135909	C	T	359751	0.39776
rs11570601	C	T	359751	1.4713
rs12165584	T	C	359751	0.33868000000000004
rs12166645	C	T	359751	0.0080389
rs12166802	T	C	359751	1.4424
rs12167259	T	G	359751	0.54945
rs12168113	T	C	359751	0.38605
rs12484694	G	A	359751	0.21003000000000002
rs130397	C	T	359751	0.93061
rs13054099	C	T	359751	1.8584
rs13055480	G	A	359751	1.8667
rs13057045	A	G	359751	1.7933
rs130940	T	G	359751	0.25098000000000004
rs131190	T	G	359751	0.69112
rs132236	G	A	359751	0.06275
rs132328	G	A	359751	0.42446999999999996
rs132683	A	G	359751	0.42876000000000003
rs133302	C	T	359751	1.6498
rs133453	T	C	359751	0.91301
rs135646	G	T	359751	0.76078
rs136812	G	T	359751	0.33177
rs137210	C	T	359751	0.15564
rs137988	A	G	359751	1.1102
rs138703	A	G	359751	1.3659
rs138727	A	C	359751	0.021731999999999998
rs138841	A	C	359751	2.4501
rs139077	A	G	359751	0.83019
rs139171	A	G	359751	0.41148999999999997
rs139683	C	T	359751	0.84501
rs140154	T	C	359751	0.19792
rs1573718	C	A	359751	0.084232
rs16983325	T	C	359751	0.49085
rs16983370	T	C	359751	0.25048000000000004
rs16984538	G	A	359751	0.70986
rs16990408	C	T	359751	2.0451
rs17002737	T	C	359751	1.6466
rs176159	T	C	359751	0.93552
rs17668040	A	G	359751	0.65022
rs17771806	T	C	359751	0.65403
rs17806543	A	C	359751	0.35236999999999996
rs17820611	A	G	359751	0.094944
rs17878936	T	C	359751	0.8052199999999999
rs1884291	A	G	359751	0.36555
rs1884698	T	C	359751	1.8078
rs2012378	T	C	359751	0.37951999999999997
rs2073396	A	G	359751	0.41784
rs2076116	C	T	359751	2.1259
rs2157329	T	C	359751	2.5818
rs2223335	T	C	359751	1.8484
rs2223515	A	G	359751	0.28672
rs2232879	A	G	359751	2.3817
rs2266953	T	C	359751	0.046238
rs2267306	A	G	359751	1.6507
rs2277841	C	T	359751	0.51152
rs2280117	T	C	359751	1.7051
rs2413709	T	C	359751	0.26705999999999996
rs2518768	A	G	359751	1.5158
rs3213551	T	G	359751	1.4296
rs361956	T	C	359751	0.67111
rs362148	C	T	359751	0.6965600000000001
rs3817805	A	G	359751	0.9955200000000001
rs396913	C	A	359751	0.73352
rs41164	C	T	359751	0.41648999999999997
rs41376249	A	G	359751	1.2893
rs429738	C	A	359751	0.26755
rs4331615	T	C	359751	1.7293
rs450415	C	T	359751	1.2882
rs470049	A	G	359751	0.26813000000000003
rs4822824	A	G	359751	0.10453
rs4823638	C	T	359751	1.4847
rs4991801	A	C	359751	0.023193000000000002
rs5748664	G	A	359751	0.71851
rs5749623	A	G	359751	2.3839
rs5749683	T	C	359751	1.6476
rs5750861	A	C	359751	0.6369
rs5755406	C	T	359751	2.1713
rs5758004	G	A	359751	0.17264000000000002
rs5759855	C	A	359751	3.0512
rs5760262	G	A	359751	0.45161
rs5760301	A	G	359751	1.9497
rs5760891	A	G	359751	0.45038999999999996
rs5762795	A	C	359751	2.3624
rs5763568	C	T	359751	0.35109
rs5764236	G	A	359751	0.8727
rs5765228	T	G	359751	0.6410899999999999
rs5766277	G	A	359751	1.2747
rs5766980	T	C	359751	1.9455
rs5767876	A	G	359751	0.8368399999999999
rs5768065	A	G	359751	1.4431
rs5768271	C	T	359751	1.2459
rs5770633	A	G	359751	0.70143
rs5993013	A	G	359751	0.68399
rs5993935	C	T	359751	1.4472
rs5994553	T	G	359751	0.086388
rs5995463	C	T	359751	0.16952
rs5996419	A	G	359751	0.62365
rs5997846	T	C	359751	0.39266
rs5999059	C	T	359751	0.35155
rs5999551	T	C	359751	0.8511
rs5999976	T	C	359751	0.29619
rs6004274	T	C	359751	0.1716
rs6004456	A	G	359751	0.55433
rs6007710	A	G	359751	1.5831
rs6008308	C	A	359751	0.29661
rs6008434	T	C	359751	1.4989
rs6008554	T	C	359751	2.736
rs6008735	G	A	359751	0.85596
rs6008826	G	T	359751	1.2714
rs6010044	C	A	359751	0.1371
rs6358	G	A	359751	1.0434
rs646164	T	C	359751	0.94391
rs6519091	C	T	359751	3.152
rs7284581	C	T	359751	2.1446
rs7285550	A	C	359751	0.23717
rs7285782	G	T	359751	2.3853
rs7286675	A	G	359751	0.54737
rs7287617	A	G	359751	0.31121
rs7289911	A	G	359751	1.3576
rs7290794	T	C	359751	1.3563
rs7291954	G	A	359751	0.541
rs732336	T	C	359751	0.6024
rs734479	G	A	359751	0.9379299999999999
rs7364237	T	G	359751	0.23214
rs737804	C	T	359751	1.391
rs742136	G	A	359751	1.5557
rs743262	A	G	359751	1.0114
rs8139110	G	A	359751	0.14363
rs8141990	G	T	359751	0.97662
rs848709	G	A	359751	0.69619
rs873492	A	C	359751	1.9048
rs9610613	G	A	359751	1.5832
rs9615921	G	A	359751	0.9787100000000001
rs9616187	A	G	359751	1.0428
rs9616204	C	T	359751	2.3895
rs9617814	G	A	359751	0.6099399999999999
rs9617982	A	G	359751	1.3978
rs9618618	A	G	359751	1.6884
rs9622677	C	A	359751	0.1008
rs9623076	T	C	359751	1.6069
rs9625533	T	C	359751	2.9046
rs9625645	G	A	359751	0.12628
rs9627287	G	A	359751	1.9767
rs9968025	A	G	359751	0.2535
	T	C	359751	0.56917
