CHR	SNP	BP	CM	MAF	L2
22	rs5748664	17300320	2.7194707	0.116094986807	7.81294616924
22	rs1135909	17660556	3.8727026	0.267810026385	10.5888556315
22	rs9617982	17792740	5.0894768	0.0883905013193	2.96247239797
22	rs2518768	17965843	5.7800542	0.254617414248	6.99346683156
22	rs7290794	18597209	7.6165001	0.0461741424802	8.60367712338
22	rs5993013	18633446	7.7378875	0.246701846966	4.19591178249
22	rs362148	19262852	9.8108622	0.459102902375	31.1578606151
22	rs361956	19265799	9.8118548	0.463060686016	30.5743750547
22	rs9618618	19585224	9.9837053	0.0778364116095	13.434577799
22	rs9617814	19609943	10.084989	0.261213720317	4.45322984019
22	rs16984538	19643555	10.312994	0.172823218997	4.65695124411
22	rs5993935	20220764	11.64117	0.498680738786	4.92298766919
22	rs2280117	20306993	12.141246	0.482849604222	6.61342632378
22	rs646164	20936334	13.32749	0.0316622691293	2.66106394316
22	rs2266953	21302925	14.029746	0.327176781003	54.9655797206
22	rs429738	21421425	14.866083	0.213720316623	7.97370317681
22	rs396913	22039863	16.227734	0.358839050132	13.7233288954
22	rs17820611	22421873	16.761545	0.0145118733509	8.38913642619
22	rs7291954	22428873	16.775157	0.212401055409	13.4365955241
22	rs4991801	22533348	16.988479	0.315303430079	27.8185684924
22	rs9623076	22560977	17.135718	0.0633245382586	1.92170290666
22	rs5996419	23261330	19.715859	0.0633245382586	9.66839032933
22	rs12166802	23616433	20.151113	0.0461741424802	11.580474668
22	rs11090228	23631639	20.156167	0.302110817942	30.837887179
22	rs140154	23826675	20.772685	0.316622691293	8.16566058299
22	rs5759855	23849044	20.876405	0.424802110818	8.47013912916
22	rs2073396	24451035	22.590252	0.143799472296	38.2298122255
22	rs176159	24514352	22.590931	0.0527704485488	26.206057076
22	rs5760262	24610158	22.606247	0.189973614776	40.4646071892
22	rs5760301	24669465	22.667081	0.488126649077	40.2312210753
22	rs6004274	25169549	23.137827	0.444591029024	17.8251826776
22	rs139683	25252387	23.357661	0.0514511873351	8.29997304409
22	rs6004456	25555948	24.056094	0.233509234828	20.887327017
22	rs5760891	25570273	24.060658	0.0699208443272	7.54616724326
22	rs137210	26692456	27.058582	0.414248021108	23.7471006047
22	rs1573718	27219371	28.841882	0.365435356201	4.71305749942
22	rs4822824	27337886	29.265227	0.44327176781	13.6682254417
22	rs16983325	27377796	29.474447	0.0593667546174	11.4320887733
22	rs16983370	27394733	29.509417	0.10290237467	6.16723066391
22	rs743262	27937982	32.473646	0.0211081794195	2.73182656765
22	rs1884291	27963416	32.685888	0.118733509235	5.66156692807
22	rs135646	28541075	33.797663	0.0633245382586	18.8386811986
22	rs9625533	29088590	33.840949	0.374670184697	41.2223553403
22	rs17878936	29132338	33.861887	0.0422163588391	21.0721617048
22	rs5762795	29182500	33.873756	0.304749340369	61.1249896367
22	rs9625645	29318299	33.887974	0.0527704485488	25.4262497112
22	rs132328	29568785	34.267566	0.100263852243	16.1070971932
22	rs131190	29692497	34.492561	0.15963060686	16.7798055097
22	rs5763568	30273164	34.772178	0.0606860158311	30.587139557
22	rs41164	30412465	34.801059	0.274406332454	64.295496053
22	rs1002189	30771458	34.951375	0.241424802111	51.5210021738
22	rs1061664	30819758	34.96903	0.204485488127	23.124690402
22	rs7364237	30980922	35.159145	0.0211081794195	4.06092373777
22	rs734479	31043484	35.198001	0.0290237467018	6.73839506789
22	rs5997846	31428853	35.405082	0.496042216359	21.1829391401
22	rs9968025	32321589	35.640006	0.0303430079156	10.1965064701
22	rs5994553	32752707	36.22239	0.0554089709763	17.0763256562
22	rs16990408	32803591	36.247933	0.0606860158311	14.2156739575
22	rs17771806	32881581	36.599695	0.209762532982	17.006575758
22	rs5749623	33924483	38.766091	0.476253298153	21.4413437827
22	rs5999059	34084086	39.098942	0.0672823218997	8.38895753159
22	rs2267306	34247794	39.275046	0.427440633245	25.6364641924
22	rs5749683	34252374	39.279856	0.164907651715	17.8824753106
22	rs13055480	34289857	39.373815	0.236147757256	14.1260958278
22	rs12167259	34398185	39.61099	0.065963060686	4.5194896296
22	rs470049	34759241	39.907497	0.333773087071	24.7163808752
22	rs130940	34766077	39.910293	0.333773087071	24.7163808752
22	rs5999551	35209136	40.427047	0.390501319261	33.5848043054
22	rs5755406	35297371	40.465895	0.410290237467	29.7557812244
22	rs138727	35694893	40.971643	0.358839050132	49.2780547842
22	rs5999976	36116080	42.076831	0.345646437995	9.16229125196
22	rs132683	36575664	42.426151	0.221635883905	14.9104610351
22	rs17806543	36704834	42.82507	0.0633245382586	3.95917503833
22	rs2277841	36900271	42.975065	0.224274406332	13.4421513714
22	rs41376249	37110759	44.020947	0.118733509235	13.1990076561
22	rs13057045	37355277	44.71239	0.416886543536	3.50353020673
22	rs12165584	37359961	44.714189	0.0540897097625	4.23179515511
22	rs9610613	37372944	44.856858	0.0448548812665	6.82519801445
22	rs3817805	37900762	46.282157	0.101583113456	14.7279327143
22	rs5995463	37959214	46.458277	0.357519788918	7.22756219033
22	rs9622677	38054262	46.830202	0.394459102902	28.3710003628
22	rs6519091	38307909	46.923774	0.416886543536	57.4942079089
22	rs7289911	38468632	46.978156	0.023746701847	5.02642185393
22	rs2076116	38517405	47.112893	0.426121372032	30.0891208489
22	rs11570601	38565838	47.124552	0.0540897097625	8.86331665161
22	rs11089893	39032348	47.771501	0.131926121372	20.994707005
22	rs138703	39132748	47.778428	0.370712401055	57.2970118024
22	rs8139110	39429209	48.383435	0.465699208443	17.2454634495
22	rs7287617	39897163	49.140471	0.311345646438	25.2378090169
22	rs136812	40021614	49.244211	0.171503957784	11.5433241725
22	rs5750861	40026141	49.245431	0.358839050132	26.8714864164
22	rs137988	40336821	49.636718	0.174142480211	16.5229805307
22	rs5758004	40950781	49.916683	0.480211081794	44.4057337169
22	rs13054099	41215672	49.970581	0.271767810026	59.2081396353
22	rs12484694	41919330	50.084432	0.209762532982	107.052476791
22	rs7285782	42225018	50.11903	0.461741424802	43.1473896427
22	rs17002737	42282012	50.133332	0.0870712401055	23.924830973
22	rs133302	42391176	50.186995	0.244063324538	49.1717574736
22	rs2413709	43061494	50.778187	0.408970976253	22.9900135281
22	rs732336	43084104	50.798405	0.361477572559	18.062587984
22	rs130397	43093143	50.809951	0.21635883905	9.30229792733
22	rs7285550	43103684	50.85565	0.437994722955	14.8271112204
22	rs742136	43518822	51.268371	0.118733509235	10.1571015292
22	rs4331615	43831056	52.112383	0.476253298153	24.7145170744
22	rs5764236	44114861	52.272864	0.408970976253	42.3654517272
22	rs2267616	44530844	53.729007	0.0606860158311	10.8880811495
22	rs10483222	44548944	53.750615	0.28364116095	8.60791421483
22	rs139077	44558718	53.821909	0.370712401055	13.2643091771
22	rs139171	44599531	54.032228	0.460422163588	15.7083165941
22	rs5765228	44830242	55.051026	0.311345646438	10.9391415908
22	rs2223335	44939242	55.277092	0.196569920844	6.00816962655
22	rs3213551	45133535	56.144608	0.0250659630607	2.1429921064
22	rs5766277	45396440	57.230307	0.37598944591	12.1068799074
22	rs7284581	45497905	57.842676	0.255936675462	7.39146754679
22	rs873492	46497890	59.81809	0.348284960422	13.0107676971
22	rs9627287	46646988	60.268526	0.0303430079156	13.5487350394
22	rs6008434	46665670	60.271654	0.0211081794195	17.6607893184
22	rs6008826	46831965	60.425125	0.089709762533	6.29701195209
22	rs2223515	46877389	60.70713	0.121372031662	6.39710662425
22	rs11090889	46976557	61.0743	0.20580474934	10.4154387538
22	rs9616187	47373978	61.708553	0.0131926121372	2.31975927922
22	rs4823638	47792613	62.89939	0.156992084433	8.31891107049
22	rs2157329	47839090	62.977605	0.343007915567	9.42519353396
22	rs17668040	47948517	63.246793	0.120052770449	15.3623562494
22	rs6008308	48011102	63.476957	0.482849604222	22.3304491002
22	rs6007710	48032445	63.53192	0.150395778364	25.5813763063
22	rs5767876	48044660	63.534791	0.290237467018	28.2488934708
22	rs450415	48060770	63.535639	0.166226912929	28.4075393171
22	rs6358	48085862	63.544432	0.154353562005	30.2096708155
22	rs1884698	48213482	63.757526	0.311345646438	8.68657567099
22	rs7286675	48227401	63.818289	0.211081794195	8.00404130835
22	rs5768065	48240580	63.825734	0.130606860158	17.5049501469
22	rs5766980	48406571	64.347614	0.0712401055409	14.5474094676
22	rs5768271	48409068	64.348005	0.154353562005	12.4280166132
22	rs6008554	48492713	64.693701	0.447229551451	10.5704934568
22	rs1016454	48752397	66.002559	0.270448548813	9.13981971406
22	rs6008735	48888351	66.445788	0.127968337731	8.27475837315
22	rs133453	48957346	66.729291	0.32981530343	9.07943789743
22	rs9615921	48966343	66.749355	0.259894459103	9.84719411836
22	rs12166645	49097460	68.010803	0.168865435356	9.78398031851
22	rs132236	49104048	68.028361	0.277044854881	18.9360008952
22	rs737804	49542106	70.314875	0.415567282322	8.80344350463
22	rs8141990	49570455	70.624469	0.398416886544	10.7589871265
22	rs848709	49670134	71.083043	0.0923482849604	4.8866523023
22	rs5770633	50062427	73.164842	0.257255936675	21.7195421833
22	rs2012378	50072755	73.232964	0.217678100264	20.904175585
22	rs138841	50181960	73.521727	0.228232189974	39.040556439
22	rs9616204	50303530	73.539722	0.213720316623	41.4095071912
22	rs2232879	50925771	74.61102	0.153034300792	7.24645825618
22	rs12168113	51040430	74.825366	0.0461741424802	5.16178805445
22	rs6010044	51101938	74.951301	0.225593667546	7.15811075932
